{"cameraMode":{"drawMode":0,"name":"Shaded","section":"Shading Mode"},"sceneLighting":true,"audioPlay":false,"sceneViewState":{"showFog":true,"showMaterialUpdate":false,"showSkybox":true,"showFlares":true,"showImageEffects":true,"showParticleSystems":true},"in2DMode":false,"pivot":{"x":0.08808055520057678,"y":0.011231154203414917,"z":-3.3426661491394045},"rotation":{"x":0.02494695596396923,"y":0.9703029990196228,"z":-0.2116975337266922,"w":0.11434195935726166},"size":1.4603724479675294,"orthographic":false}