{"cameraMode":{"drawMode":0,"name":"Shaded","section":"Shading Mode"},"sceneLighting":true,"audioPlay":false,"sceneViewState":{"showFog":true,"showMaterialUpdate":false,"showSkybox":true,"showFlares":true,"showImageEffects":true,"showParticleSystems":true},"in2DMode":false,"pivot":{"x":-2.0845601558685304,"y":-1.202650547027588,"z":-3.921891212463379},"rotation":{"x":0.1713505983352661,"y":-0.8209839463233948,"z":0.3183339536190033,"w":0.4419138729572296},"size":1.0924715995788575,"orthographic":true}