{"cameraMode":{"drawMode":0,"name":"Shaded","section":"Shading Mode"},"sceneLighting":false,"audioPlay":false,"sceneViewState":{"showFog":true,"showMaterialUpdate":false,"showSkybox":true,"showFlares":true,"showImageEffects":true,"showParticleSystems":true},"in2DMode":false,"pivot":{"x":-62.34403991699219,"y":0.16890621185302735,"z":-21.704999923706056},"rotation":{"x":0.2935011386871338,"y":0.09444152563810349,"z":-0.029152054339647294,"w":0.9508354067802429},"size":15.861335754394532,"orthographic":true}