{"cameraMode":{"drawMode":0,"name":"Shaded","section":"Shading Mode"},"sceneLighting":true,"audioPlay":false,"sceneViewState":{"showFog":true,"showMaterialUpdate":false,"showSkybox":true,"showFlares":true,"showImageEffects":true,"showParticleSystems":true},"in2DMode":false,"pivot":{"x":-0.04163539409637451,"y":0.4176269769668579,"z":-3.193512439727783},"rotation":{"x":0.17330816388130189,"y":0.39553841948509219,"z":-0.0762733444571495,"w":0.898719072341919},"size":2.0492794513702394,"orthographic":true}