{"cameraMode":{"drawMode":0,"name":"Shaded","section":"Shading Mode"},"sceneLighting":true,"audioPlay":false,"sceneViewState":{"showFog":true,"showMaterialUpdate":false,"showSkybox":true,"showFlares":true,"showImageEffects":true,"showParticleSystems":true},"in2DMode":false,"pivot":{"x":-12.178208351135254,"y":-12.075101852416993,"z":-8.915250778198243},"rotation":{"x":-0.20684818923473359,"y":0.764277994632721,"z":-0.2958289682865143,"w":-0.5343952775001526},"size":22.396432876586915,"orthographic":false}